"id","indvdID","rsFile"
57,"MLBS01681","MLBS_1.tif"
45,"MLBS01679","MLBS_1.tif"
49,"MLBS01674","MLBS_1.tif"
63,"MLBS01678","MLBS_1.tif"
50,"MLBS01675","MLBS_1.tif"
56,"MLBS01661","MLBS_1.tif"
51,"MLBS01660","MLBS_1.tif"
58,"MLBS01651","MLBS_1.tif"
47,"MLBS01887","MLBS_1.tif"
53,"MLBS01648","MLBS_1.tif"
55,"MLBS01647","MLBS_1.tif"
43,"MLBS01641","MLBS_1.tif"
42,"MLBS01640","MLBS_1.tif"
41,"MLBS01645","MLBS_1.tif"
61,"MLBS01643","MLBS_1.tif"
44,"MLBS01642","MLBS_1.tif"
59,"MLBS01637","MLBS_1.tif"
64,"MLBS01636","MLBS_1.tif"
60,"MLBS01628","MLBS_1.tif"
46,"MLBS01666A","MLBS_1.tif"
54,"MLBSU0024","MLBS_1.tif"
48,"MLBS01671A","MLBS_1.tif"
97,"MLBS01772","MLBS_10.tif"
98,"MLBS01770","MLBS_10.tif"
95,"MLBS01769","MLBS_10.tif"
96,"MLBS01765","MLBS_10.tif"
99,"MLBS01759","MLBS_10.tif"
94,"MLBS01757","MLBS_10.tif"
105,"MLBS01740","MLBS_10.tif"
101,"MLBS01742","MLBS_10.tif"
100,"MLBS01738","MLBS_10.tif"
104,"MLBS01731","MLBS_10.tif"
102,"MLBS01730","MLBS_10.tif"
103,"MLBS01729","MLBS_10.tif"
159,"MLBS01696","MLBS_11.tif"
150,"MLBS01692","MLBS_11.tif"
148,"MLBS01684","MLBS_11.tif"
151,"MLBS01682","MLBS_11.tif"
158,"MLBS01689","MLBS_11.tif"
145,"MLBS01723","MLBS_11.tif"
146,"MLBS01722","MLBS_11.tif"
154,"MLBS01720","MLBS_11.tif"
157,"MLBS01714","MLBS_11.tif"
149,"MLBS01718","MLBS_11.tif"
153,"MLBS01711","MLBS_11.tif"
152,"MLBS01710","MLBS_11.tif"
160,"MLBS01702","MLBS_11.tif"
156,"MLBS01706","MLBS_11.tif"
147,"MLBS01685A","MLBS_11.tif"
155,"MLBS01704A","MLBS_11.tif"
172,"MLBS01892","MLBS_12.tif"
162,"MLBS01891","MLBS_12.tif"
161,"MLBS01890","MLBS_12.tif"
163,"MLBS01889","MLBS_12.tif"
164,"MLBS01888","MLBS_12.tif"
167,"MLBS01883","MLBS_12.tif"
168,"MLBS01881","MLBS_12.tif"
170,"MLBS01880","MLBS_12.tif"
166,"MLBS01886","MLBS_12.tif"
171,"MLBS01884","MLBS_12.tif"
169,"MLBS01879","MLBS_12.tif"
165,"MLBS001887","MLBS_12.tif"
707,"MLBS01867","MLBS_13.tif"
706,"MLBS01866","MLBS_13.tif"
700,"MLBS01864","MLBS_13.tif"
175,"MLBS01862","MLBS_13.tif"
173,"MLBS01850","MLBS_13.tif"
174,"MLBS01851","MLBS_13.tif"
701,"MLBS01847","MLBS_13.tif"
702,"MLBS01846","MLBS_13.tif"
704,"MLBS01849","MLBS_13.tif"
705,"MLBS01848","MLBS_13.tif"
179,"MLBS01835","MLBS_13.tif"
703,"MLBS01833","MLBS_13.tif"
176,"MLBS01822","MLBS_13.tif"
708,"MLBS01821","MLBS_13.tif"
178,"MLBS01820","MLBS_13.tif"
177,"MLBS01819","MLBS_13.tif"
186,"MLBS01793","MLBS_14.tif"
690,"MLBS01798","MLBS_14.tif"
187,"MLBS01789","MLBS_14.tif"
188,"MLBS01781","MLBS_14.tif"
189,"MLBS01785","MLBS_14.tif"
190,"MLBS01779","MLBS_14.tif"
689,"MLBS01778","MLBS_14.tif"
180,"MLBS01777","MLBS_14.tif"
181,"MLBS01776","MLBS_14.tif"
686,"MLBS01975","MLBS_14.tif"
687,"MLBSU0031","MLBS_14.tif"
688,"MLBSU0028","MLBS_14.tif"
182,"MLBS01809","MLBS_14.tif"
685,"MLBS01808","MLBS_14.tif"
184,"MLBS01802","MLBS_14.tif"
183,"MLBS01806","MLBS_14.tif"
185,"MLBS01805","MLBS_14.tif"
326,"MLBS01596","MLBS_15.tif"
325,"MLBS01591","MLBS_15.tif"
327,"MLBS01584","MLBS_15.tif"
328,"MLBS01589","MLBS_15.tif"
333,"MLBS01575","MLBS_15.tif"
324,"MLBS01572","MLBS_15.tif"
323,"MLBS01578","MLBS_15.tif"
331,"MLBS01577","MLBS_15.tif"
336,"MLBS01569","MLBS_15.tif"
329,"MLBS01568","MLBS_15.tif"
335,"MLBS01626","MLBS_15.tif"
330,"MLBS01622","MLBS_15.tif"
691,"MLBS01614","MLBS_15.tif"
332,"MLBS01618","MLBS_15.tif"
334,"MLBS01605","MLBS_15.tif"
693,"MSLB01975","MLBS_16.tif"
209,"MLBS01992","MLBS_16.tif"
210,"MLBS01996","MLBS_16.tif"
208,"MLBS01987","MLBS_16.tif"
205,"MLBS01982","MLBS_16.tif"
206,"MLBS01983","MLBS_16.tif"
202,"MLBS01971","MLBS_16.tif"
203,"MLBS01974","MLBS_16.tif"
197,"MLBS01967","MLBS_16.tif"
201,"MLBS01965","MLBS_16.tif"
199,"MLBS01963","MLBS_16.tif"
216,"MLBS01961","MLBS_16.tif"
212,"MLBS01955","MLBS_16.tif"
214,"MLBS01954","MLBS_16.tif"
198,"MLBS01959","MLBS_16.tif"
204,"MLBS01953","MLBS_16.tif"
217,"MLBS01944","MLBS_16.tif"
213,"MLBS01943","MLBS_16.tif"
692,"MLBS01977A","MLBS_16.tif"
215,"MLBS02001","MLBS_16.tif"
211,"MLBS02000","MLBS_16.tif"
227,"MLBS02047A","MLBS_17.tif"
228,"MLBS02011A","MLBS_17.tif"
224,"MLBS02030B","MLBS_17.tif"
226,"MLBSU1031","MLBS_17.tif"
694,"MLBS02046","MLBS_17.tif"
695,"MLBS02043","MLBS_17.tif"
696,"MLBS02038","MLBS_17.tif"
225,"MLBS02031","MLBS_17.tif"
223,"MLBS02028","MLBS_17.tif"
220,"MLBS02019A","MLBS_17.tif"
219,"MLBS02020","MLBS_17.tif"
218,"MLBS02016","MLBS_17.tif"
222,"MLBS02009","MLBS_17.tif"
221,"MLBS02006","MLBS_17.tif"
244,"MLBS02300","MLBS_18.tif"
697,"MLBS02245A","MLBS_18.tif"
242,"MLBS02241B","MLBS_18.tif"
249,"MLBS02297","MLBS_18.tif"
250,"MLBS02296","MLBS_18.tif"
252,"MLBS02281","MLBS_18.tif"
258,"MLBS02271","MLBS_18.tif"
253,"MLBS02270","MLBS_18.tif"
248,"MLBS02265","MLBS_18.tif"
257,"MLBS02261","MLBS_18.tif"
256,"MLBS02244","MLBS_18.tif"
255,"MLBS02243","MLBS_18.tif"
254,"MLBS02242","MLBS_18.tif"
246,"MLBS02235","MLBS_18.tif"
251,"MLBS02232","MLBS_18.tif"
247,"MLBS02230","MLBS_18.tif"
245,"MLBS02227","MLBS_18.tif"
243,"MLBS02217","MLBS_18.tif"
194,"MLBS02377","MLBS_19.tif"
196,"MLBS02376","MLBS_19.tif"
192,"MLBS02367","MLBS_19.tif"
191,"MLBS02366","MLBS_19.tif"
240,"MLBS02359","MLBS_19.tif"
241,"MLBS02358","MLBS_19.tif"
195,"MLBS02348","MLBS_19.tif"
193,"MLBS02346","MLBS_19.tif"
356,"MLBS00283A","MLBS_2.tif"
650,"MLBS00297","MLBS_2.tif"
368,"MLBS00295","MLBS_2.tif"
357,"MLBS00292A","MLBS_2.tif"
366,"MLBS00287","MLBS_2.tif"
363,"MLBS00285","MLBS_2.tif"
367,"MLBS00289","MLBS_2.tif"
355,"MLBS00282","MLBS_2.tif"
354,"MLBS00279","MLBS_2.tif"
369,"MLBSU0005","MLBS_2.tif"
362,"MLBS00337","MLBS_2.tif"
364,"MLBS00335","MLBS_2.tif"
358,"MLBS00329","MLBS_2.tif"
365,"MLBS00328","MLBS_2.tif"
359,"MLBS00323","MLBS_2.tif"
649,"MLBS00318","MLBS_2.tif"
371,"MLBS00312","MLBS_2.tif"
361,"MLBS00311","MLBS_2.tif"
360,"MLBS00307","MLBS_2.tif"
651,"MLBS00302","MLBS_2.tif"
273,"MLBS02427","MLBS_20.tif"
275,"MLBS02421","MLBS_20.tif"
274,"MLBS02423","MLBS_20.tif"
272,"MLBS02419","MLBS_20.tif"
280,"MLBS02417","MLBS_20.tif"
269,"MLBS02410","MLBS_20.tif"
281,"MLBS02415","MLBS_20.tif"
277,"MLBS02412","MLBS_20.tif"
278,"MLBS02405","MLBS_20.tif"
276,"MLBS02402","MLBS_20.tif"
268,"MLBS02398","MLBS_20.tif"
270,"MLBS02389","MLBS_20.tif"
271,"MLBS02381","MLBS_20.tif"
310,"MLBS02073A","MLBS_21.tif"
296,"MLBS02083A","MLBS_21.tif"
300,"MLBS02109A","MLBS_21.tif"
698,"MLBSU0032","MLBS_21.tif"
322,"MLBS02093","MLBS_21.tif"
303,"MLBS02096","MLBS_21.tif"
318,"MLBS02084","MLBS_21.tif"
305,"MLBS02082","MLBS_21.tif"
297,"MLBS02081","MLBS_21.tif"
298,"MLBS02087","MLBS_21.tif"
319,"MLBS02085","MLBS_21.tif"
299,"MLBS02078","MLBS_21.tif"
314,"MLBS02077","MLBS_21.tif"
313,"MLBS02076","MLBS_21.tif"
317,"MLBSU2110A","MLBS_21.tif"
311,"MLBS02150","MLBS_21.tif"
306,"MLBS02147","MLBS_21.tif"
316,"MLBS02110A","MLBS_21.tif"
320,"MLBS02146","MLBS_21.tif"
304,"MLBS02149","MLBS_21.tif"
312,"MLBS02135","MLBS_21.tif"
307,"MLBS02144A","MLBS_21.tif"
321,"MLBS02128","MLBS_21.tif"
315,"MLBS02114","MLBS_21.tif"
309,"MLBS02113","MLBS_21.tif"
308,"MLBS02112","MLBS_21.tif"
301,"MLBS02108","MLBS_21.tif"
699,"MLBS02100","MLBS_21.tif"
302,"MLBS02107","MLBS_21.tif"
288,"MLBS02171L","MLBS_22.tif"
351,"MLBS02199","MLBS_22.tif"
350,"MLBS02191","MLBS_22.tif"
294,"MLBS02183","MLBS_22.tif"
295,"MLBS02181","MLBS_22.tif"
352,"MLBS02187","MLBS_22.tif"
353,"MLBS02178","MLBS_22.tif"
287,"MLBS02174","MLBS_22.tif"
289,"MLBS02169","MLBS_22.tif"
293,"MLBS02167","MLBS_22.tif"
286,"MLBS02166","MLBS_22.tif"
292,"MLBS02162","MLBS_22.tif"
285,"MLBS02158","MLBS_22.tif"
291,"MLBS02156","MLBS_22.tif"
290,"MLBS02159","MLBS_22.tif"
284,"MLBS02154","MLBS_22.tif"
282,"MLBS02153","MLBS_22.tif"
283,"MLBS02151","MLBS_22.tif"
679,"MLBS01898","MLBS_23.tif"
239,"MLBS01932","MLBS_23.tif"
233,"MLBS01939","MLBS_23.tif"
680,"MLBS01924","MLBS_23.tif"
678,"MLBS01923","MLBS_23.tif"
232,"MLBS01928","MLBS_23.tif"
234,"MLBS01927","MLBS_23.tif"
231,"MLBS01926","MLBS_23.tif"
681,"MLBS01919","MLBS_23.tif"
235,"MLBS01913","MLBS_23.tif"
682,"MLBS01912","MLBS_23.tif"
236,"MLBS01908","MLBS_23.tif"
229,"MLBS01907","MLBS_23.tif"
238,"MLBS01902","MLBS_23.tif"
230,"MLBS01905","MLBS_23.tif"
260,"MLBS02209","MLBS_24.tif"
259,"MLBS02208","MLBS_24.tif"
264,"MLBS02201","MLBS_24.tif"
265,"MLBS02200","MLBS_24.tif"
263,"MLBS02206","MLBS_24.tif"
266,"MLBS02205","MLBS_24.tif"
267,"MLBS02203","MLBS_24.tif"
261,"MLBS02213","MLBS_24.tif"
262,"MLBS02210","MLBS_24.tif"
11,"MLBS00197","MLBS_25.tif"
29,"MLBS00192","MLBS_25.tif"
32,"MLBS00194","MLBS_25.tif"
14,"MLBS00168A","MLBS_25.tif"
15,"MLBS00193","MLBS_25.tif"
27,"MLBS00187","MLBS_25.tif"
647,"MLBS00186","MLBS_25.tif"
7,"MLBS00181","MLBS_25.tif"
8,"MLBS00183","MLBS_25.tif"
6,"MLBS00178A","MLBS_25.tif"
2,"MLBS0017A","MLBS_25.tif"
5,"MLBS00177","MLBS_25.tif"
648,"MLBS00175","MLBS_25.tif"
28,"MLBS00173","MLBS_25.tif"
3,"MLBS00172","MLBS_25.tif"
4,"MLBS00171","MLBS_25.tif"
12,"MLBS00162","MLBS_25.tif"
645,"MLBS00155","MLBS_25.tif"
10,"MLBS00154","MLBS_25.tif"
31,"MLBS00198B","MLBS_25.tif"
646,"MLBS00133","MLBS_25.tif"
9,"MLBS00135","MLBS_25.tif"
1,"MLBS00170A","MLBS_25.tif"
24,"MLBS00138A","MLBS_26.tif"
34,"MLBS00100A","MLBS_26.tif"
40,"MLBS00147A","MLBS_26.tif"
21,"MLBS00144","MLBS_26.tif"
23,"MLBS00143","MLBS_26.tif"
39,"MLBS00146","MLBS_26.tif"
26,"MLBS00139","MLBS_26.tif"
646,"MLBS00133","MLBS_26.tif"
25,"MLBS00137","MLBS_26.tif"
20,"MLBS00136","MLBS_26.tif"
9,"MLBS00135","MLBS_26.tif"
16,"MLBS00128","MLBS_26.tif"
18,"MLBS00117","MLBS_26.tif"
36,"MLBS00114","MLBS_26.tif"
33,"MLBS00113","MLBS_26.tif"
38,"MLBSU0000","MLBS_26.tif"
37,"MLBS00107","MLBS_26.tif"
35,"MLBS00103","MLBS_26.tif"
619,"MLBSU0021","MLBS_27.tif"
626,"MLBS00560","MLBS_27.tif"
617,"MLBS00559","MLBS_27.tif"
616,"MLBS00558","MLBS_27.tif"
620,"MLBS00556","MLBS_27.tif"
629,"MLBS00544","MLBS_27.tif"
623,"MLBS00538","MLBS_27.tif"
622,"MLBS00534","MLBS_27.tif"
615,"MLBS00532","MLBS_27.tif"
625,"MLBS00521","MLBS_27.tif"
627,"MLBS00520","MLBS_27.tif"
637,"MLBS00595","MLBS_28.tif"
639,"MLBS00597","MLBS_28.tif"
631,"MLBS00584","MLBS_28.tif"
635,"MLBS00589","MLBS_28.tif"
633,"MLBS00579","MLBS_28.tif"
644,"MLBS00578","MLBS_28.tif"
641,"MLBS00568","MLBS_28.tif"
643,"MLBS00562","MLBS_28.tif"
627,"MLBS00520","MLBS_28.tif"
605,"MLBS00091","MLBS_29.tif"
598,"MLBS00096","MLBS_29.tif"
609,"MLBS00095","MLBS_29.tif"
608,"MLBS00094","MLBS_29.tif"
601,"MLBS00088","MLBS_29.tif"
600,"MLBS00087","MLBS_29.tif"
676,"MLBS00082","MLBS_29.tif"
597,"MLBS00081","MLBS_29.tif"
602,"MLBS00086","MLBS_29.tif"
595,"MLBS00083","MLBS_29.tif"
599,"MLBS00079","MLBS_29.tif"
596,"MLBS00078","MLBS_29.tif"
606,"MLBS00077","MLBS_29.tif"
604,"MLBS00070","MLBS_29.tif"
607,"MLBS00075","MLBS_29.tif"
610,"MLBS00074","MLBS_29.tif"
614,"MLBS00073","MLBS_29.tif"
613,"MLBS00072","MLBS_29.tif"
603,"MLBS00067","MLBS_29.tif"
611,"MLBS00060","MLBS_29.tif"
594,"MLBS00061","MLBS_29.tif"
612,"MLBSU0020","MLBS_29.tif"
378,"MLBS00251A","MLBS_3.tif"
382,"MLBS00277","MLBS_3.tif"
380,"MLBS00274","MLBS_3.tif"
385,"MLBS00265","MLBS_3.tif"
379,"MLBS00255","MLBS_3.tif"
383,"MLBS00252","MLBS_3.tif"
384,"MLBS00256","MLBS_3.tif"
377,"MLBS00233","MLBS_3.tif"
373,"MLBS00229","MLBS_3.tif"
652,"MLBS00227","MLBS_3.tif"
374,"MLBS00217","MLBS_3.tif"
372,"MLBS00216","MLBS_3.tif"
709,"MLBS00215","MLBS_3.tif"
376,"MLBS00204","MLBS_3.tif"
375,"MLBS00201","MLBS_3.tif"
381,"MLBS00202C","MLBS_3.tif"
671,"MLBS00497","MLBS_30.tif"
345,"MLBS00496","MLBS_30.tif"
342,"MLBS00498","MLBS_30.tif"
343,"MLBS00491","MLBS_30.tif"
347,"MLBS00484","MLBS_30.tif"
344,"MLBS00483","MLBS_30.tif"
346,"MLBS00488","MLBS_30.tif"
672,"MLBS00482","MLBS_30.tif"
673,"MLBS00480","MLBS_30.tif"
348,"MLBSU0015","MLBS_30.tif"
592,"MLBSU0017","MLBS_30.tif"
349,"MLBS00479","MLBS_30.tif"
337,"MLBS00514","MLBS_30.tif"
339,"MLBS00513","MLBS_30.tif"
338,"MLBS00511","MLBS_30.tif"
670,"MLBS00505","MLBS_30.tif"
340,"MLBS00503","MLBS_30.tif"
341,"MLBS00508","MLBS_30.tif"
583,"MLBSU0016","MLBS_31.tif"
581,"MLBS00474","MLBS_31.tif"
580,"MLBS00473","MLBS_31.tif"
588,"MLBS00476","MLBS_31.tif"
590,"MLBS00471","MLBS_31.tif"
582,"MLBS00469","MLBS_31.tif"
675,"MLBS00464","MLBS_31.tif"
591,"MLBS00462","MLBS_31.tif"
589,"MLBS00461","MLBS_31.tif"
674,"MLBS00467","MLBS_31.tif"
584,"MLBS00460","MLBS_31.tif"
585,"MLBS00457","MLBS_31.tif"
587,"MLBS00456","MLBS_31.tif"
586,"MLBS00454","MLBS_31.tif"
560,"MLBS01069","MLBS_32.tif"
562,"MLBS01130","MLBS_32.tif"
561,"MLBS01128","MLBS_32.tif"
668,"MLBS01100","MLBS_32.tif"
667,"MLBS01103","MLBS_32.tif"
577,"MLBS01088A","MLBS_32.tif"
574,"MLBSU1100","MLBS_32.tif"
669,"MLBSU0014","MLBS_32.tif"
576,"MLBSU0013","MLBS_32.tif"
573,"MLBS01099","MLBS_32.tif"
578,"MLBS01098","MLBS_32.tif"
575,"MLBS01096","MLBS_32.tif"
559,"MLBS01082","MLBS_32.tif"
572,"MLBS01080","MLBS_32.tif"
565,"MLBS01075","MLBS_32.tif"
564,"MLBS01074","MLBS_32.tif"
560,"MLBS01069","MLBS_33.tif"
562,"MLBS01130","MLBS_33.tif"
569,"MLBS01121","MLBS_33.tif"
561,"MLBS01128","MLBS_33.tif"
563,"MLBS01119","MLBS_33.tif"
568,"MLBS01113","MLBS_33.tif"
570,"MLBS01110","MLBS_33.tif"
579,"MLBS01117","MLBS_33.tif"
566,"MLBS01116","MLBS_33.tif"
567,"MLBS01115","MLBS_33.tif"
571,"MLBSU0012","MLBS_33.tif"
565,"MLBS01075","MLBS_33.tif"
115,"MLBS00397","MLBS_34.tif"
126,"MLBS00449","MLBS_34.tif"
127,"MLBS00441","MLBS_34.tif"
125,"MLBS00446","MLBS_34.tif"
124,"MLBS00444","MLBS_34.tif"
122,"MLBS00437","MLBS_34.tif"
141,"MLBS00433","MLBS_34.tif"
144,"MLBS00432","MLBS_34.tif"
142,"MLBS00427","MLBS_34.tif"
143,"MLBS00426","MLBS_34.tif"
140,"MLBS00425","MLBS_34.tif"
128,"MLBS00429","MLBS_34.tif"
131,"MLBS00420","MLBS_34.tif"
139,"MLBS00424","MLBS_34.tif"
123,"MLBS00423","MLBS_34.tif"
121,"MLBS00422","MLBS_34.tif"
133,"MLBS00417","MLBS_34.tif"
130,"MLBS00415","MLBS_34.tif"
132,"MLBS00419","MLBS_34.tif"
135,"MLBS00412","MLBS_34.tif"
137,"MLBS00410","MLBS_34.tif"
129,"MLBS00404","MLBS_34.tif"
138,"MLBS00409","MLBS_34.tif"
136,"MLBS00408","MLBS_34.tif"
410,"MLBSU0009","MLBS_35.tif"
429,"MLBS00791","MLBS_35.tif"
428,"MLBS00798","MLBS_35.tif"
657,"MLBS00797","MLBS_35.tif"
422,"MLBS00788","MLBS_35.tif"
430,"MLBS00781","MLBS_35.tif"
425,"MLBS00780","MLBS_35.tif"
431,"MLBS00772","MLBS_35.tif"
432,"MLBS00773","MLBS_35.tif"
423,"MLBS00766","MLBS_35.tif"
424,"MLBS00764","MLBS_35.tif"
421,"MLBS00854","MLBS_35.tif"
420,"MLBS00853","MLBS_35.tif"
409,"MLBS00820","MLBS_36.tif"
418,"MLBS00819","MLBS_36.tif"
410,"MLBSU0009","MLBS_36.tif"
425,"MLBS00780","MLBS_36.tif"
424,"MLBS00764","MLBS_36.tif"
421,"MLBS00854","MLBS_36.tif"
419,"MLBS00859","MLBS_36.tif"
420,"MLBS00853","MLBS_36.tif"
417,"MLBS00847","MLBS_36.tif"
416,"MLBS00842","MLBS_36.tif"
427,"MLBS00840","MLBS_36.tif"
411,"MLBS00834","MLBS_36.tif"
412,"MLBS00833","MLBS_36.tif"
415,"MLBS00838","MLBS_36.tif"
414,"MLBS00827","MLBS_36.tif"
413,"MLBS00826","MLBS_36.tif"
552,"MLBS01223","MLBS_37.tif"
548,"MLBS01222","MLBS_37.tif"
551,"MLBS01219","MLBS_37.tif"
550,"MLBS01219A","MLBS_37.tif"
556,"MLBS01210","MLBS_37.tif"
558,"MLBS01213","MLBS_37.tif"
555,"MLBS01208","MLBS_37.tif"
664,"MLBS01206","MLBS_37.tif"
554,"MLBS01202B","MLBS_37.tif"
553,"MLBS01199","MLBS_37.tif"
547,"MLBS01192","MLBS_37.tif"
541,"MLBS01191","MLBS_37.tif"
666,"MLBSU00011","MLBS_37.tif"
549,"MLBS01187A","MLBS_37.tif"
538,"MLBS01170","MLBS_38.tif"
546,"MLBS01175","MLBS_38.tif"
539,"MLBS01172","MLBS_38.tif"
537,"MLBS01167","MLBS_38.tif"
535,"MLBS01165","MLBS_38.tif"
536,"MLBS01160","MLBS_38.tif"
543,"MLBS01154","MLBS_38.tif"
534,"MLBS01150","MLBS_38.tif"
544,"MLBS01147","MLBS_38.tif"
557,"MLBS01141","MLBS_38.tif"
540,"MLBS01133","MLBS_38.tif"
545,"MLBS01139","MLBS_38.tif"
542,"MLBS01156A","MLBS_38.tif"
547,"MLBS01192","MLBS_38.tif"
549,"MLBS01187A","MLBS_38.tif"
520,"MLBS00653C","MLBS_39.tif"
529,"MLBS00671","MLBS_39.tif"
530,"MLBS00670","MLBS_39.tif"
662,"MLBS00675","MLBS_39.tif"
528,"MLBS00667","MLBS_39.tif"
663,"MLBS00662","MLBS_39.tif"
527,"MLBS00661","MLBS_39.tif"
523,"MLBS00658","MLBS_39.tif"
525,"MLBS00657","MLBS_39.tif"
526,"MLBS00656","MLBS_39.tif"
522,"MLBS00651","MLBS_39.tif"
521,"MLBS00654","MLBS_39.tif"
524,"MLBS00652","MLBS_39.tif"
518,"MLBS00641","MLBS_39.tif"
517,"MLBS00637","MLBS_39.tif"
519,"MLBS00634A","MLBS_39.tif"
116,"MLBS00401B","MLBS_4.tif"
119,"MLBS00398","MLBS_4.tif"
115,"MLBS00397","MLBS_4.tif"
109,"MLBS00395","MLBS_4.tif"
118,"MLBS00399","MLBS_4.tif"
114,"MLBS00392","MLBS_4.tif"
113,"MLBS00386","MLBS_4.tif"
112,"MLBS00388","MLBS_4.tif"
106,"MLBS00381","MLBS_4.tif"
107,"MLBS00363","MLBS_4.tif"
108,"MLBS00359","MLBS_4.tif"
110,"MLBS00345","MLBS_4.tif"
111,"MLBS00344","MLBS_4.tif"
121,"MLBS00422","MLBS_4.tif"
133,"MLBS00417","MLBS_4.tif"
134,"MLBS00403","MLBS_4.tif"
120,"MLBS00400","MLBS_4.tif"
529,"MLBS00671","MLBS_40.tif"
530,"MLBS00670","MLBS_40.tif"
532,"MLBS00647","MLBS_40.tif"
515,"MLBS00646","MLBS_40.tif"
533,"MLBS00645","MLBS_40.tif"
518,"MLBS00641","MLBS_40.tif"
517,"MLBS00637","MLBS_40.tif"
516,"MLBS00621","MLBS_40.tif"
519,"MLBS00634A","MLBS_40.tif"
514,"MLBS00613","MLBS_40.tif"
513,"MLBS00604","MLBS_40.tif"
531,"MLBS00644A","MLBS_40.tif"
490,"MLBS01287","MLBS_41.tif"
507,"MLBS01281","MLBS_41.tif"
508,"MLBS01282","MLBS_41.tif"
510,"MLBS01277","MLBS_41.tif"
509,"MLBS01274","MLBS_41.tif"
506,"MLBS01273","MLBS_41.tif"
487,"MLBS01271","MLBS_41.tif"
489,"MLBS01267","MLBS_41.tif"
505,"MLBS01269","MLBS_41.tif"
488,"MLBS01268","MLBS_41.tif"
491,"MLBS01226","MLBS_41.tif"
493,"MLBS01264","MLBS_42.tif"
494,"MLBS01263","MLBS_42.tif"
501,"MLBS01256","MLBS_42.tif"
499,"MLBS01258","MLBS_42.tif"
503,"MLBS01252","MLBS_42.tif"
500,"MLBS01251","MLBS_42.tif"
502,"MLBS01250","MLBS_42.tif"
511,"MLBS01243","MLBS_42.tif"
497,"MLBS01242","MLBS_42.tif"
498,"MLBS01247","MLBS_42.tif"
512,"MLBS01238","MLBS_42.tif"
492,"MLBS01236","MLBS_42.tif"
495,"MLBS01228","MLBS_42.tif"
491,"MLBS01226","MLBS_42.tif"
496,"MLBS01260A","MLBS_42.tif"
474,"MLBS01398","MLBS_43.tif"
470,"MLBS01395","MLBS_43.tif"
469,"MLBS01393","MLBS_43.tif"
467,"MLBS01383","MLBS_43.tif"
463,"MLBS01382","MLBS_43.tif"
465,"MLBS01377","MLBS_43.tif"
464,"MLBS01375","MLBS_43.tif"
462,"MLBS01374","MLBS_43.tif"
466,"MLBS01378","MLBS_43.tif"
486,"MLBS01372","MLBS_43.tif"
485,"MLBS01370","MLBS_43.tif"
477,"MLBS01352","MLBS_43.tif"
476,"MLBS01350","MLBS_43.tif"
660,"MLBS001390","MLBS_43.tif"
468,"MLBS01389A","MLBS_43.tif"
475,"MLBS01399B","MLBS_43.tif"
661,"MLBS01397A","MLBS_43.tif"
484,"MLBS01402","MLBS_43.tif"
458,"MLBS01366","MLBS_44.tif"
459,"MLBS01364","MLBS_44.tif"
460,"MLBS01363","MLBS_44.tif"
457,"MLBS01367","MLBS_44.tif"
480,"MLBS01362","MLBS_44.tif"
481,"MLBS01361","MLBS_44.tif"
479,"MLBS01353","MLBS_44.tif"
477,"MLBS01352","MLBS_44.tif"
482,"MLBS01358","MLBS_44.tif"
483,"MLBS01356","MLBS_44.tif"
473,"MLBS01344","MLBS_44.tif"
472,"MLBS01345","MLBS_44.tif"
461,"MLBS01335","MLBS_44.tif"
478,"MLBS01351A","MLBS_44.tif"
445,"MLBS01290","MLBS_45.tif"
437,"MLBS01329","MLBS_45.tif"
433,"MLBS01326","MLBS_45.tif"
435,"MLBS01324","MLBS_45.tif"
440,"MLBS01323","MLBS_45.tif"
441,"MLBS01318","MLBS_45.tif"
434,"MLBS01316","MLBS_45.tif"
439,"MLBS01315","MLBS_45.tif"
442,"MLBS01313","MLBS_45.tif"
443,"MLBS01312","MLBS_45.tif"
454,"MLBS01308","MLBS_45.tif"
436,"MLBS1331","MLBS_45.tif"
438,"MLBS1330","MLBS_45.tif"
452,"MLBS01317A","MLBS_45.tif"
659,"MLBS01298","MLBS_46.tif"
448,"MLBS01297","MLBS_46.tif"
449,"MLBS01292","MLBS_46.tif"
447,"MLBS01291","MLBS_46.tif"
445,"MLBS01290","MLBS_46.tif"
444,"MLBS01294","MLBS_46.tif"
456,"MLBS01311A","MLBS_46.tif"
442,"MLBS01313","MLBS_46.tif"
443,"MLBS01312","MLBS_46.tif"
454,"MLBS01308","MLBS_46.tif"
446,"MLBS01300","MLBS_46.tif"
455,"MLBS01304","MLBS_46.tif"
451,"MLBS01303","MLBS_46.tif"
658,"MLBS01301","MLBS_46.tif"
450,"MLBS01306A","MLBS_46.tif"
452,"MLBS01317A","MLBS_46.tif"
655,"MLBS00718A","MLBS_5.tif"
393,"MLBS00729C","MLBS_5.tif"
406,"MLBS00692","MLBS_5.tif"
405,"MLBS00696","MLBS_5.tif"
407,"MLBS00687","MLBS_5.tif"
653,"MLBS00732","MLBS_5.tif"
387,"MLBS00731","MLBS_5.tif"
395,"MLBS00725","MLBS_5.tif"
394,"MLBS00726","MLBS_5.tif"
399,"MLBS00712","MLBS_5.tif"
656,"MLBS00718","MLBS_5.tif"
398,"MLBS00716","MLBS_5.tif"
401,"MLBS00708","MLBS_5.tif"
408,"MLBS00703","MLBS_5.tif"
400,"MLBS01330","MLBS_6.tif"
393,"MLBS00729C","MLBS_6.tif"
388,"MLBS00733A","MLBS_6.tif"
392,"MLBS00733B","MLBS_6.tif"
402,"MLBSU0008","MLBS_6.tif"
386,"MLBS00757","MLBS_6.tif"
396,"MLBS00754","MLBS_6.tif"
397,"MLBS00752","MLBS_6.tif"
404,"MLBS00747","MLBS_6.tif"
391,"MLBS00744","MLBS_6.tif"
403,"MLBS00749","MLBS_6.tif"
390,"MLBS00743","MLBS_6.tif"
654,"MLBS00736","MLBS_6.tif"
389,"MLBS00738","MLBS_6.tif"
653,"MLBS00732","MLBS_6.tif"
387,"MLBS00731","MLBS_6.tif"
394,"MLBS00726","MLBS_6.tif"
74,"MLBS01495","MLBS_8.tif"
78,"MLBS01493","MLBS_8.tif"
65,"MLBS01538","MLBS_8.tif"
72,"MLBS01536","MLBS_8.tif"
67,"MLBS01531","MLBS_8.tif"
71,"MLBS01528","MLBS_8.tif"
75,"MLBS01525","MLBS_8.tif"
683,"MLBS01523","MLBS_8.tif"
68,"MLBS01516","MLBS_8.tif"
73,"MLBS01515","MLBS_8.tif"
69,"MLBS01518","MLBS_8.tif"
79,"MLBS01511","MLBS_8.tif"
80,"MLBS01506","MLBS_8.tif"
76,"MLBS01509","MLBS_8.tif"
66,"MLBS01534A","MLBS_8.tif"
70,"MLBS02171","MLBS_8.tif"
87,"MLBS01563","MLBS_9.tif"
88,"MLBS01566","MLBS_9.tif"
92,"MLBS01553","MLBS_9.tif"
93,"MLBS01557","MLBS_9.tif"
684,"MLBS01555","MLBS_9.tif"
85,"MLBS01549","MLBS_9.tif"
83,"MLBS01548","MLBS_9.tif"
89,"MLBS01541","MLBS_9.tif"
84,"MLBS01546","MLBS_9.tif"
86,"MLBS01545","MLBS_9.tif"
90,"MLBS01544","MLBS_9.tif"
91,"MLBS01556A","MLBS_9.tif"
1307,"OSBS00044","OSBS_1.tif"
1308,"OSBS00120","OSBS_1.tif"
1304,"OSBS00123","OSBS_1.tif"
1305,"OSBS00122","OSBS_1.tif"
1306,"OSBS00121","OSBS_1.tif"
1310,"OSBS00116","OSBS_1.tif"
1311,"OSBS00115","OSBS_1.tif"
1309,"OSBS00114","OSBS_1.tif"
1312,"OSBS00119","OSBS_1.tif"
1313,"OSBS00111","OSBS_1.tif"
1138,"OSBS02189","OSBS_10.tif"
1140,"OSBS01611","OSBS_10.tif"
1145,"OSBS10011","OSBS_10.tif"
1141,"OSBS02230","OSBS_10.tif"
1142,"OSBS02229","OSBS_10.tif"
1144,"OSBS02221","OSBS_10.tif"
1139,"OSBS02220","OSBS_10.tif"
1143,"OSBS02223","OSBS_10.tif"
1024,"OSBS01593","OSBS_11.tif"
1022,"OSBS01589","OSBS_11.tif"
1020,"OSBS01587","OSBS_11.tif"
1026,"OSBS01571","OSBS_11.tif"
1019,"OSBS01570","OSBS_11.tif"
1017,"OSBS01574","OSBS_11.tif"
1025,"OSBS01568","OSBS_11.tif"
1016,"OSBS01566","OSBS_11.tif"
1014,"OSBS01558","OSBS_11.tif"
1023,"OSBS01556","OSBS_11.tif"
1031,"OSBS01921","OSBS_11.tif"
1030,"OSBS01925","OSBS_11.tif"
1028,"OSBS01915","OSBS_11.tif"
1027,"OSBS01910","OSBS_11.tif"
1015,"OSBS01912","OSBS_11.tif"
1018,"OSBS01911","OSBS_11.tif"
1021,"OSBS01906","OSBS_11.tif"
1029,"OSBS01909","OSBS_11.tif"
1130,"OSBS02726","OSBS_12.tif"
1137,"OSBS02718","OSBS_12.tif"
1131,"OSBS02713","OSBS_12.tif"
1136,"OSBS02712","OSBS_12.tif"
1135,"OSBS02711","OSBS_12.tif"
1134,"OSBS02710","OSBS_12.tif"
1128,"OSBS02714","OSBS_12.tif"
1133,"OSBS02709","OSBS_12.tif"
1132,"OSBS02708","OSBS_12.tif"
1129,"OSBS02707","OSBS_12.tif"
1413,"OSBS02723","OSBS_13.tif"
1416,"OSBS02722","OSBS_13.tif"
1128,"OSBS02714","OSBS_13.tif"
1412,"OSBS02702","OSBS_13.tif"
1414,"OSBS02701","OSBS_13.tif"
1415,"OSBS02704","OSBS_13.tif"
1411,"OSBS02703","OSBS_13.tif"
1199,"OSBS03254","OSBS_14.tif"
1202,"OSBS03256","OSBS_14.tif"
1206,"OSBS03227","OSBS_14.tif"
1200,"OSBS03222","OSBS_14.tif"
1203,"OSBS03221","OSBS_14.tif"
1204,"OSBS03220","OSBS_14.tif"
1205,"OSBS03225","OSBS_14.tif"
1201,"OSBS03223","OSBS_14.tif"
1198,"OSBS03218","OSBS_14.tif"
1193,"OSBS03217","OSBS_14.tif"
1195,"OSBS03216","OSBS_14.tif"
1197,"OSBS03210","OSBS_14.tif"
1196,"OSBS03215","OSBS_14.tif"
1194,"OSBS00029","OSBS_14.tif"
1210,"OSBS03149","OSBS_15.tif"
1469,"OSBS03146","OSBS_15.tif"
1209,"OSBS03139","OSBS_15.tif"
1464,"OSBS03138","OSBS_15.tif"
1207,"OSBS00021","OSBS_15.tif"
1208,"OSBS00022","OSBS_15.tif"
1213,"OSBS03164","OSBS_15.tif"
1211,"OSBS03153","OSBS_15.tif"
1212,"OSBS03152","OSBS_15.tif"
1303,"OSBS01121","OSBS_16.tif"
1303,"OSBS01121","OSBS_35.tif"
1302,"OSBS01120","OSBS_16.tif"
1302,"OSBS01120","OSBS_35.tif"
1188,"OSBS02550","OSBS_17.tif"
1187,"OSBS02536","OSBS_17.tif"
1186,"OSBS02529","OSBS_17.tif"
1192,"OSBS07797","OSBS_17.tif"
1191,"OSBS07796","OSBS_17.tif"
1190,"OSBS07795","OSBS_17.tif"
1189,"OSBS00014","OSBS_17.tif"
1184,"OSBS00585","OSBS_17.tif"
1185,"OSBS00583","OSBS_17.tif"
1220,"OSBS03021","OSBS_18.tif"
1219,"OSBS03020","OSBS_18.tif"
1225,"OSBS03082","OSBS_18.tif"
1224,"OSBS03081","OSBS_18.tif"
1218,"OSBS03078","OSBS_18.tif"
1217,"OSBS03077","OSBS_18.tif"
1215,"OSBS03076","OSBS_18.tif"
1227,"OSBS03071","OSBS_18.tif"
1230,"OSBS03070","OSBS_18.tif"
1221,"OSBS03075","OSBS_18.tif"
1214,"OSBS03074","OSBS_18.tif"
1216,"OSBS03073","OSBS_18.tif"
1222,"OSBS03072","OSBS_18.tif"
1223,"OSBS03068","OSBS_18.tif"
1229,"OSBS03067","OSBS_18.tif"
1228,"OSBS03066","OSBS_18.tif"
1226,"OSBS03065","OSBS_18.tif"
1232,"OSBS03069","OSBS_18.tif"
1233,"OSBS03060","OSBS_18.tif"
1234,"OSBS03064","OSBS_18.tif"
1236,"OSBS03063","OSBS_18.tif"
1235,"OSBS03062","OSBS_18.tif"
1231,"OSBS03061","OSBS_18.tif"
1243,"OSBS00086","OSBS_19.tif"
1244,"OSBS00085","OSBS_19.tif"
1242,"OSBS00252","OSBS_19.tif"
1240,"OSBS00251","OSBS_19.tif"
1241,"OSBS00250","OSBS_19.tif"
1239,"OSBS00253","OSBS_19.tif"
1237,"OSBS00249","OSBS_19.tif"
1238,"OSBS10023","OSBS_19.tif"
1080,"OSBS00050","OSBS_2.tif"
1085,"OSBS03860","OSBS_2.tif"
1079,"OSBS03855","OSBS_2.tif"
1086,"OSBS03858","OSBS_2.tif"
1083,"OSBS03853","OSBS_2.tif"
1074,"OSBS03852","OSBS_2.tif"
1082,"OSBS03851","OSBS_2.tif"
1076,"OSBS03844","OSBS_2.tif"
1081,"OSBS03849","OSBS_2.tif"
1078,"OSBS03848","OSBS_2.tif"
1077,"OSBS03847","OSBS_2.tif"
1071,"OSBS03842","OSBS_2.tif"
1066,"OSBS03835","OSBS_2.tif"
1068,"OSBS03834","OSBS_2.tif"
1070,"OSBS03833","OSBS_2.tif"
1067,"OSBS03839","OSBS_2.tif"
1072,"OSBS03838","OSBS_2.tif"
1073,"OSBS03837","OSBS_2.tif"
1069,"OSBS03836","OSBS_2.tif"
1075,"OSBS07992","OSBS_2.tif"
1084,"OSBS06075","OSBS_2.tif"
1468,"OSBS03145","OSBS_20.tif"
1462,"OSBS03144","OSBS_20.tif"
1461,"OSBS03143","OSBS_20.tif"
1465,"OSBS03142","OSBS_20.tif"
1458,"OSBS03147","OSBS_20.tif"
1469,"OSBS03146","OSBS_20.tif"
1467,"OSBS03140","OSBS_20.tif"
1209,"OSBS03139","OSBS_20.tif"
1463,"OSBS03131","OSBS_20.tif"
1464,"OSBS03138","OSBS_20.tif"
1471,"OSBS00020","OSBS_20.tif"
1459,"OSBS00015","OSBS_20.tif"
1470,"OSBS03181","OSBS_20.tif"
1460,"OSBS03163","OSBS_20.tif"
1220,"OSBS03021","OSBS_21.tif"
1392,"OSBS03025","OSBS_21.tif"
1219,"OSBS03020","OSBS_21.tif"
1396,"OSBS03019","OSBS_21.tif"
1384,"OSBS03013","OSBS_21.tif"
1381,"OSBS03012","OSBS_21.tif"
1382,"OSBS03010","OSBS_21.tif"
1391,"OSBS03017","OSBS_21.tif"
1390,"OSBS03016","OSBS_21.tif"
1385,"OSBS03015","OSBS_21.tif"
1386,"OSBS03009","OSBS_21.tif"
1393,"OSBS03008","OSBS_21.tif"
1379,"OSBS03002","OSBS_21.tif"
1378,"OSBS03001","OSBS_21.tif"
1383,"OSBS03005","OSBS_21.tif"
1380,"OSBS03003","OSBS_21.tif"
1387,"OSBS03098","OSBS_21.tif"
1388,"OSBS03095","OSBS_21.tif"
1389,"OSBS03094","OSBS_21.tif"
1215,"OSBS03076","OSBS_21.tif"
1214,"OSBS03074","OSBS_21.tif"
1216,"OSBS03073","OSBS_21.tif"
1273,"OSBS01003","OSBS_22.tif"
1269,"OSBS01002","OSBS_22.tif"
1268,"OSBS00791","OSBS_22.tif"
1274,"OSBS00788","OSBS_22.tif"
1277,"OSBS00786","OSBS_22.tif"
1276,"OSBS00785","OSBS_22.tif"
1267,"OSBS00789","OSBS_22.tif"
1279,"OSBS00784","OSBS_22.tif"
1280,"OSBS00782","OSBS_22.tif"
1278,"OSBS00781","OSBS_22.tif"
1272,"OSBS00774","OSBS_22.tif"
1275,"OSBS00778","OSBS_22.tif"
1271,"OSBS00771","OSBS_22.tif"
1281,"OSBS00953","OSBS_23.tif"
1283,"OSBS00941","OSBS_23.tif"
1282,"OSBS00945","OSBS_23.tif"
1285,"OSBS06162","OSBS_23.tif"
1288,"OSBS06161","OSBS_23.tif"
1284,"OSBS06166","OSBS_23.tif"
1289,"OSBS01041","OSBS_23.tif"
1290,"OSBS06151","OSBS_23.tif"
1286,"OSBS01038","OSBS_23.tif"
1287,"OSBS06152","OSBS_23.tif"
1291,"OSBS01037","OSBS_23.tif"
1292,"OSBS01036","OSBS_23.tif"
1257,"OSBS00821","OSBS_24.tif"
1255,"OSBS00820","OSBS_24.tif"
1249,"OSBS00825","OSBS_24.tif"
1266,"OSBS00824","OSBS_24.tif"
1263,"OSBS00823","OSBS_24.tif"
1264,"OSBS00822","OSBS_24.tif"
1246,"OSBS00817","OSBS_24.tif"
1245,"OSBS00816","OSBS_24.tif"
1248,"OSBS00815","OSBS_24.tif"
1247,"OSBS00819","OSBS_24.tif"
1260,"OSBS00810","OSBS_24.tif"
1253,"OSBS00814","OSBS_24.tif"
1265,"OSBS00812","OSBS_24.tif"
1262,"OSBS00811","OSBS_24.tif"
1259,"OSBS00807","OSBS_24.tif"
1258,"OSBS00806","OSBS_24.tif"
1261,"OSBS00805","OSBS_24.tif"
1254,"OSBS00809","OSBS_24.tif"
1256,"OSBS00808","OSBS_24.tif"
1250,"OSBS00803","OSBS_24.tif"
1252,"OSBS00802","OSBS_24.tif"
1251,"OSBS00801","OSBS_24.tif"
1262,"OSBS00811","OSBS_25.tif"
1338,"OSBS00697","OSBS_25.tif"
1343,"OSBS00695","OSBS_25.tif"
1346,"OSBS00683","OSBS_25.tif"
1328,"OSBS00678","OSBS_25.tif"
1327,"OSBS00677","OSBS_25.tif"
1326,"OSBS00676","OSBS_25.tif"
1329,"OSBS00674","OSBS_25.tif"
1333,"OSBS00673","OSBS_25.tif"
1336,"OSBS00671","OSBS_25.tif"
1340,"OSBS00666","OSBS_25.tif"
1345,"OSBS00664","OSBS_25.tif"
1341,"OSBS00669","OSBS_25.tif"
1342,"OSBS00662","OSBS_25.tif"
1344,"OSBS00661","OSBS_25.tif"
1335,"OSBS00656","OSBS_25.tif"
1337,"OSBS00655","OSBS_25.tif"
1339,"OSBS00657","OSBS_25.tif"
1332,"OSBS00651","OSBS_25.tif"
1330,"OSBS00643","OSBS_25.tif"
1334,"OSBS07452","OSBS_25.tif"
1484,"OSBS01363","OSBS_26.tif"
1483,"OSBS01365","OSBS_26.tif"
1482,"OSBS01364","OSBS_26.tif"
1489,"OSBS01358","OSBS_26.tif"
1487,"OSBS01352","OSBS_26.tif"
1491,"OSBS01340","OSBS_26.tif"
1486,"OSBS01345","OSBS_26.tif"
1490,"OSBS01343","OSBS_26.tif"
1488,"OSBS01342","OSBS_26.tif"
1485,"OSBS01331","OSBS_26.tif"
1493,"OSBS01508","OSBS_26.tif"
1492,"OSBS01507","OSBS_26.tif"
1480,"OSBS01373","OSBS_26.tif"
1479,"OSBS01371","OSBS_26.tif"
1481,"OSBS01369","OSBS_26.tif"
1495,"OSBS01305","OSBS_27.tif"
1494,"OSBS01308","OSBS_27.tif"
1497,"OSBS00011","OSBS_27.tif"
1496,"OSBS01298","OSBS_27.tif"
1498,"OSBS01268","OSBS_27.tif"
1004,"OSBS01023","OSBS_28.tif"
1012,"OSBS01011","OSBS_28.tif"
1013,"OSBS01010","OSBS_28.tif"
1011,"OSBS01015","OSBS_28.tif"
1009,"OSBS01013","OSBS_28.tif"
1010,"OSBS01007","OSBS_28.tif"
1007,"OSBS01006","OSBS_28.tif"
1006,"OSBS00003","OSBS_28.tif"
1005,"OSBS00002","OSBS_28.tif"
1008,"OSBS00001","OSBS_28.tif"
1002,"OSBS01022","OSBS_28.tif"
1003,"OSBS01021","OSBS_28.tif"
1001,"OSBS01025","OSBS_28.tif"
1000,"OSBS01024","OSBS_28.tif"
1158,"OSBS03485","OSBS_29.tif"
1159,"OSBS03483","OSBS_29.tif"
1163,"OSBS03482","OSBS_29.tif"
1167,"OSBS03480","OSBS_29.tif"
1156,"OSBS06016","OSBS_29.tif"
1168,"OSBS03592","OSBS_29.tif"
1170,"OSBS03591","OSBS_29.tif"
1155,"OSBS03475","OSBS_29.tif"
1165,"OSBS03479","OSBS_29.tif"
1162,"OSBS03478","OSBS_29.tif"
1157,"OSBS03476","OSBS_29.tif"
1160,"OSBS03582","OSBS_29.tif"
1166,"OSBS03522","OSBS_29.tif"
1431,"OSBS03513","OSBS_29.tif"
1171,"OSBS03517","OSBS_29.tif"
1164,"OSBS03502","OSBS_29.tif"
1169,"OSBS00024","OSBS_29.tif"
1161,"OSBS00023","OSBS_29.tif"
1154,"OSBS03501","OSBS_29.tif"
1051,"OSBS02312","OSBS_3.tif"
1047,"OSBS02310","OSBS_3.tif"
1045,"OSBS02999","OSBS_3.tif"
1048,"OSBS02998","OSBS_3.tif"
1049,"OSBS02997","OSBS_3.tif"
1043,"OSBS02996","OSBS_3.tif"
1044,"OSBS02995","OSBS_3.tif"
1053,"OSBS02306","OSBS_3.tif"
1042,"OSBS02993","OSBS_3.tif"
1046,"OSBS02309","OSBS_3.tif"
1052,"OSBS02308","OSBS_3.tif"
1050,"OSBS02307","OSBS_3.tif"
1038,"OSBS02980","OSBS_3.tif"
1040,"OSBS02984","OSBS_3.tif"
1041,"OSBS02982","OSBS_3.tif"
1039,"OSBS02981","OSBS_3.tif"
1054,"OSBS00027","OSBS_3.tif"
1293,"OSBS06243","OSBS_30.tif"
1294,"OSBS06242","OSBS_30.tif"
1296,"OSBS01202","OSBS_30.tif"
1298,"OSBE01087","OSBS_30.tif"
1301,"OSBS01075","OSBS_30.tif"
1300,"OSBE01056","OSBS_30.tif"
1299,"OSBS01057","OSBS_30.tif"
1297,"OSBS00994","OSBS_30.tif"
1295,"OSBS00991","OSBS_30.tif"
1119,"OSBS01554","OSBS_31.tif"
1121,"OSBS01551","OSBS_31.tif"
1120,"OSBS01543","OSBS_31.tif"
1122,"OSBS01536","OSBS_31.tif"
1124,"OSBS01531","OSBS_31.tif"
1127,"OSBS01524","OSBS_31.tif"
1125,"OSBS01519","OSBS_31.tif"
1126,"OSBS01512","OSBS_31.tif"
1123,"OSBS01515","OSBS_31.tif"
1406,"OSBS00193","OSBS_32.tif"
1407,"OSBS00191","OSBS_32.tif"
1409,"OSBS00190","OSBS_32.tif"
1410,"OSBS00188","OSBS_32.tif"
1404,"OSBS01855","OSBS_32.tif"
1400,"OSBS01854","OSBS_32.tif"
1402,"OSBS01853","OSBS_32.tif"
1405,"OSBS00157","OSBS_32.tif"
1401,"OSBS01840","OSBS_32.tif"
1408,"OSBS00006","OSBS_32.tif"
1403,"OSBS00005","OSBS_32.tif"
1399,"OSBS00004","OSBS_32.tif"
1438,"OSBS06013","OSBS_33.tif"
1168,"OSBS03592","OSBS_33.tif"
1170,"OSBS03591","OSBS_33.tif"
1437,"OSBS03520","OSBS_33.tif"
1431,"OSBS03513","OSBS_33.tif"
1171,"OSBS03517","OSBS_33.tif"
1436,"OSBS03510","OSBS_33.tif"
1440,"OSBS03509","OSBS_33.tif"
1169,"OSBS00024","OSBS_33.tif"
1439,"OSBS03500","OSBS_33.tif"
1092,"OSBS00026","OSBS_34.tif"
1099,"OSBS03725","OSBS_34.tif"
1098,"OSBS03724","OSBS_34.tif"
1097,"OSBS03722","OSBS_34.tif"
1095,"OSBS03721","OSBS_34.tif"
1094,"OSBS03720","OSBS_34.tif"
1091,"OSBS03712","OSBS_34.tif"
1093,"OSBS03710","OSBS_34.tif"
1100,"OSBS03709","OSBS_34.tif"
1090,"OSBS03708","OSBS_34.tif"
1096,"OSBS03703","OSBS_34.tif"
1088,"OSBS03707","OSBS_34.tif"
1089,"OSBS03706","OSBS_34.tif"
1087,"OSBS03705","OSBS_34.tif"
1303,"OSBS01121","OSBS_16.tif"
1303,"OSBS01121","OSBS_35.tif"
1302,"OSBS01120","OSBS_16.tif"
1302,"OSBS01120","OSBS_35.tif"
1473,"OSBS00865","OSBS_36.tif"
1476,"OSBS00864","OSBS_36.tif"
1475,"OSBS00866","OSBS_36.tif"
1037,"OSBS00849","OSBS_36.tif"
1477,"OSBS00848","OSBS_36.tif"
1036,"OSBS00007","OSBS_36.tif"
1478,"OSBS00008","OSBS_36.tif"
1149,"OSBS00098","OSBS_37.tif"
1148,"OSBS00095","OSBS_37.tif"
1150,"OSBS00099","OSBS_37.tif"
1151,"OSBS00094","OSBS_37.tif"
1153,"OSBS00093","OSBS_37.tif"
1152,"OSBS00100","OSBS_37.tif"
1178,"OSBS03428","OSBS_38.tif"
1179,"OSBS03415","OSBS_38.tif"
1174,"OSBS03397","OSBS_38.tif"
1172,"OSBS03396","OSBS_38.tif"
1173,"OSBS03394","OSBS_38.tif"
1177,"OSBS03387","OSBS_38.tif"
1441,"OSBS03386","OSBS_38.tif"
1175,"OSBS03389","OSBS_38.tif"
1176,"OSBS03388","OSBS_38.tif"
1428,"OSBS03757","OSBS_39.tif"
1425,"OSBS03755","OSBS_39.tif"
1429,"OSBS03750","OSBS_39.tif"
1426,"OSBS03754","OSBS_39.tif"
1422,"OSBS03753","OSBS_39.tif"
1424,"OSBS03752","OSBS_39.tif"
1423,"OSBS03746","OSBS_39.tif"
1419,"OSBS03744","OSBS_39.tif"
1430,"OSBS03749","OSBS_39.tif"
1427,"OSBS03748","OSBS_39.tif"
1421,"OSBS03743","OSBS_39.tif"
1420,"OSBS03742","OSBS_39.tif"
1091,"OSBS03712","OSBS_39.tif"
1451,"OSBS03379","OSBS_4.tif"
1444,"OSBS03378","OSBS_4.tif"
1445,"OSBS03377","OSBS_4.tif"
1443,"OSBS03427","OSBS_4.tif"
1452,"OSBS03426","OSBS_4.tif"
1455,"OSBS03425","OSBS_4.tif"
1446,"OSBS03420","OSBS_4.tif"
1449,"OSBS03417","OSBS_4.tif"
1447,"OSBS03416","OSBS_4.tif"
1179,"OSBS03415","OSBS_4.tif"
1448,"OSBS03419","OSBS_4.tif"
1456,"OSBS06088","OSBS_4.tif"
1457,"OSBS08092","OSBS_4.tif"
1441,"OSBS03386","OSBS_4.tif"
1450,"OSBS03384","OSBS_4.tif"
1454,"OSBS03382","OSBS_4.tif"
1453,"OSBS03380","OSBS_4.tif"
1354,"OSBS00040","OSBS_5.tif"
1066,"OSBS03835","OSBS_5.tif"
1355,"OSBS03832","OSBS_5.tif"
1067,"OSBS03839","OSBS_5.tif"
1351,"OSBS03831","OSBS_5.tif"
1352,"OSBS03830","OSBS_5.tif"
1349,"OSBS07986","OSBS_5.tif"
1348,"OSBS03828","OSBS_5.tif"
1347,"OSBS03827","OSBS_5.tif"
1350,"OSBS03826","OSBS_5.tif"
1183,"OSBS03330","OSBS_6.tif"
1182,"OSBS03329","OSBS_6.tif"
1181,"OSBS03327","OSBS_6.tif"
1180,"OSBS03326","OSBS_6.tif"
1118,"OSBS02069","OSBS_7.tif"
1105,"OSBS02060","OSBS_7.tif"
1114,"OSBS02178","OSBS_7.tif"
1108,"OSBS02056","OSBS_7.tif"
1104,"OSBS02055","OSBS_7.tif"
1107,"OSBS02059","OSBS_7.tif"
1116,"OSBS02152","OSBS_7.tif"
1117,"OSBS02151","OSBS_7.tif"
1113,"OSBS02150","OSBS_7.tif"
1110,"OSBS02149","OSBS_7.tif"
1106,"OSBS02143","OSBS_7.tif"
1109,"OSBS02142","OSBS_7.tif"
1103,"OSBS02141","OSBS_7.tif"
1115,"OSBS02148","OSBS_7.tif"
1111,"OSBS02147","OSBS_7.tif"
1112,"OSBS02146","OSBS_7.tif"
1102,"OSBS02140","OSBS_7.tif"
1101,"OSBS02136","OSBS_7.tif"
1061,"OSBS02970","OSBS_8.tif"
1062,"OSBS02965","OSBS_8.tif"
1065,"OSBS02964","OSBS_8.tif"
1064,"OSBS02963","OSBS_8.tif"
1057,"OSBS02969","OSBS_8.tif"
1060,"OSBS02968","OSBS_8.tif"
1063,"OSBS02962","OSBS_8.tif"
1058,"OSBS02961","OSBS_8.tif"
1059,"OSBS02960","OSBS_8.tif"
1055,"OSBS02959","OSBS_8.tif"
1037,"OSBS00849","OSBS_9.tif"
1034,"OSBS00910","OSBS_9.tif"
1032,"OSBS07977","OSBS_9.tif"
1035,"OSBS00898","OSBS_9.tif"
1033,"OSBS00881","OSBS_9.tif"
